comments,Negative,Neutral,Positive
to samsung phonen,0.10519441217184067,0.7899487018585205,0.10485696792602539
thank gosh place watch without hd speed doesnt support hd,0.6004154086112976,0.36434897780418396,0.035235557705163956
what happened home button iphone x coughcopying samsungcough,0.3191746771335602,0.5962387323379517,0.08458653092384338
power disease care cure keep caring others best life,0.029776189476251602,0.25399839878082275,0.7162253856658936
keep calm buy iphone  keep calm buy iphone  plus keep calm buy iphone x favourite,0.007324608042836189,0.20703230798244476,0.7856430411338806
i big fan youtube u ,0.005652027670294046,0.13499067723751068,0.8593573570251465
you never find losers line pay good money crap line charity community work,0.5045321583747864,0.3679082989692688,0.12755952775478363
apple commented last video im crying right ,0.24574580788612366,0.48557987809181213,0.26867425441741943
im see emma love much im proud ,0.00197614380158484,0.018230004236102104,0.9797938466072083
mom said one video bed,0.12384667247533798,0.7714460492134094,0.10470729321241379
what song ,0.10772550106048584,0.7804840803146362,0.11179038137197495
i started crying  emmas ep showed im proud her,0.01175316795706749,0.07442061603069305,0.9138261675834656
 years late wireless charging  years late oled technology old facial recognition tech enhanced old ir tech late every frontwhat know lets lose makes product instantly recognizable apples windows  samsung bound loving this,0.10419099777936935,0.34393244981765747,0.5518766045570374
more one bed,0.10760683566331863,0.7214236259460449,0.17096954584121704
subscribe love mummy,0.03307356685400009,0.4132918119430542,0.5536345839500427
they really took samsung s named iphone x whatever,0.3452894985675812,0.5675687193870544,0.08714178204536438
so someone twin sibling unlock iphone x haha ,0.00839962251484394,0.4233160614967346,0.5682843327522278
for god sake better pspro,0.42936843633651733,0.3893480598926544,0.18128350377082825
mp cam kind standard ,0.15765896439552307,0.7538979053497314,0.08844311535358429
 waiting people clap,0.07691332697868347,0.6800639629364014,0.24302273988723755
sarahah leak system revealhaters,0.766944169998169,0.22600668668746948,0.007049172651022673
if apple sucks samsungs better like comment,0.6039655804634094,0.32099658250808716,0.075037881731987
this video long halfway got hungry left playing went kitchen fix self sandwich found im mayonnaise went store saw beautiful woman ever seen whole life im really shy person took threeyear personality development course introduce self friendly unfortunately boyfriend said good im mature person want best harbor illusion best person seems happy boyfriend bother anymore kept touch became friends got crush broke boyfriend drank alcohol told shell fine wished well still think shes beautiful woman world like said crush like five years already first saw besides quiet happy friendship developed important crush kept hanging drinking coffee girlfriend started dating guys girlfriend wants live life without said okay want best want pursue happiness lady friend drank alcohol gave advice gave position became okay breakup immediately really drunk spent night apartment one bed know means took bed slept couch couch really cant sleep something bothering tossed turned three hours finally cant take anymore stood went straight room shes sleeping approached bed gently sat reached shoulder pull closer stirred woke asked whats told know first time saw watching video left playing get self sandwich went store get mayo got distracted life forgot finish video said know ive wondering weird noise night drawer opened drawer lo behold theres phone video still two minutes play time it,0.09639811515808105,0.4979342222213745,0.40566766262054443
you kicks steve jobs company videos name it,0.15373949706554413,0.7964309453964233,0.049829524010419846
love need yeah love shiny new iphone,0.001865520142018795,0.01267319731414318,0.9854612946510315
the best thing ever happen iphone,0.0015304689295589924,0.007514131721109152,0.9909554123878479
how internet speed nvideos nnhttpsyoutubeplbrkgpq,0.1412603259086609,0.8035221099853516,0.05521751195192337
sub channel,0.1907050907611847,0.6616343855857849,0.1476605385541916
 song that,0.12147262692451477,0.6960204243659973,0.1825069636106491
aquele vdeo bem curtinho de  horas,0.14924152195453644,0.7183434367179871,0.13241495192050934
httpswwwyoutubecomwatchvqmwyxixnj,0.1071566641330719,0.8144521713256836,0.07839113473892212
 omgggg,0.34179359674453735,0.4929359257221222,0.16527046263217926
hi,0.20451168715953827,0.5521487593650818,0.24333961308002472
httpsyoutubevhisro,0.16215617954730988,0.6482424736022949,0.189601331949234
for informationnhttpswwwyoutubecomwatchvkixwcgrea,0.061265185475349426,0.8736034035682678,0.06513141840696335
aye aye,0.2023906409740448,0.5486454367637634,0.2489638775587082
s a,0.2745053768157959,0.533414363861084,0.19208022952079773
iphone  ,0.052180927246809006,0.6764125227928162,0.2714065909385681
httpsyoutubekqhvhhotcw  billion views whatsapp status,0.09544502943754196,0.8123746514320374,0.09218030422925949
bombo telefon,0.19317343831062317,0.6476872563362122,0.1591392606496811
harish kalyans gibberish language task golden ticket bigg boss tamilnnhttpsyoutubezzewjuqbck,0.11789606511592865,0.8274989724159241,0.05460495874285698
please click tha link,0.045135363936424255,0.8645491600036621,0.09031549096107483
httpsyoutubevhgbeuw,0.15422730147838593,0.6643688082695007,0.18140390515327454
amazing ,0.020240332931280136,0.17796102166175842,0.8017986416816711
apple ist scheie samsung ist besser,0.1541641801595688,0.7235743403434753,0.12226145714521408
good job,0.019740475341677666,0.11310146003961563,0.867158055305481
usenmeden izleyenleri hastaneye aliyoruz,0.17739926278591156,0.7355394959449768,0.08706121146678925
yo ya compre el iphone,0.045210279524326324,0.755010724067688,0.19977900385856628
songs,0.07478415966033936,0.7211363315582275,0.20407947897911072
eeee imdi burda ne olcak ama ne,0.1735137701034546,0.7661699652671814,0.06031623110175133
good job steve jobs rip,0.05353155732154846,0.26974180340766907,0.6767266988754272
good job plz watch realistic artwork httpsyoutubehqjlyras,0.01405660156160593,0.18546949326992035,0.8004739284515381
schlechtes iphone,0.06054370105266571,0.764647901058197,0.1748083233833313
httpsyoutubertqxhssqi,0.21703892946243286,0.7253251075744629,0.057635996490716934
omg  hours,0.21106567978858948,0.6813908815383911,0.10754342377185822
same samsang s,0.24209868907928467,0.617469310760498,0.1404319703578949
fulckoing shoit mo stolp copyinh samsoung,0.12530699372291565,0.8190827965736389,0.05561022087931633
eh c kii ce favoritisme lui il tou led iphone apple watch ipad macbook en avance est gratuit wallah je reflechi une idee poire wow adore je suis riche mdrr sa arrivera qau autre,0.009971095249056816,0.22992192208766937,0.7601070404052734
mamadijovideoantesdelacama,0.13579531013965607,0.7368791103363037,0.12732559442520142
 hours wtf,0.7155418992042542,0.25702476501464844,0.027433348819613457
iphone  ckm way ayku,0.035082995891571045,0.7914363741874695,0.17348068952560425
snapabood,0.21059675514698029,0.5829087495803833,0.2064945548772812
nadie vio este video completo ,0.06948589533567429,0.8135541677474976,0.11696003377437592
the iphone died steve jobs,0.6893177628517151,0.2909097969532013,0.019772378727793694
httpsmfacebookcomquestionsphpquestionid vote lise meitner gymnasium pleeaaaase,0.0627627894282341,0.7476865649223328,0.18955065310001373
nice job,0.020742904394865036,0.12463714927434921,0.8546199798583984
yes afford iphone ,0.018330400809645653,0.36544421315193176,0.6162253618240356
httpsyoutubeacmdkbaqnabout iphone,0.1217825785279274,0.8221885561943054,0.05602887645363808
httpsyoutubepgvesyvam,0.12551061809062958,0.730939507484436,0.14354990422725677
httpsyoutubevxczuiiqo,0.1464739739894867,0.7003882527351379,0.15313775837421417
fuck beech,0.9417926073074341,0.04796958714723587,0.010237823240458965
piece shit,0.8592516183853149,0.113139308989048,0.027609076350927353
 kidney phone,0.19652339816093445,0.6058457493782043,0.1976308524608612
xddd,0.24816317856311798,0.5379787683486938,0.21385803818702698
steve jobs v,0.125322163105011,0.7579188346862793,0.11675890535116196
httpsyoutubemwtvudstii,0.15030713379383087,0.7346673011779785,0.1150256097316742
apple always awesome nnhttpsyoutuberftzmxyp,0.0014825828839093447,0.023974213749170303,0.9745432138442993
les francais abonnez vous la chaine de tim svp il est genial,0.05852433666586876,0.8497075438499451,0.0917680487036705
y habr gente que se compre el puto iphone x os creeis ricos o algo jajajajaj venga ya hombre que luego en casa comeis mierda por haberos comprado un movil de  pavos que sois unos moditas xd,0.045606378465890884,0.8647833466529846,0.089610256254673
hallo wie gehts dir tschss bis nchstes mal bye bye,0.28368130326271057,0.6650904417037964,0.05122832581400871
cinei moldovan sau romn pe aici,0.12634903192520142,0.7941480875015259,0.0795029029250145
apple terrible care money,0.8159255385398865,0.1669853776693344,0.017089126631617546
 apple make shitty products hope wont exist  years time,0.948331892490387,0.04637660086154938,0.005291501525789499
does anyone ,0.18879514932632446,0.6903825402259827,0.12082226574420929
where steve wozniak fuck apple authority,0.7507408261299133,0.23020167648792267,0.01905745081603527
dat price doh,0.21973975002765656,0.6791120767593384,0.10114816576242447
nice video ncheck videos also nplease subscribe ,0.0032508487347513437,0.07263408601284027,0.9241150617599487
httpsyoutubejichkqkeosnapple iphone x hands review,0.03433658182621002,0.8654298186302185,0.10023356974124908
ill sell this,0.09026101976633072,0.6215503215789795,0.2881886065006256
do save people muslims burma,0.2956085801124573,0.6590821743011475,0.045309267938137054
where iphone ,0.11271482706069946,0.7654458284378052,0.12183932960033417
wow apples starting ideas galaxy ,0.013456550426781178,0.26097726821899414,0.7255662083625793
birby,0.1481933444738388,0.6168100237846375,0.23499654233455658
fuck want money,0.8273587822914124,0.15167970955371857,0.020961493253707886
emma rd trending page time comment whoop,0.04517412558197975,0.8145946860313416,0.1402311772108078
i love genetics extension parents wont let think people behind try frame crime nnnyeah,0.1090344786643982,0.3327360153198242,0.5582294464111328
emma find marry ncook youngive massage youre tirednlisten day wasnhug nand love ni know sounds creepy af ,0.6162502765655518,0.34365296363830566,0.04009680449962616
well seems like total waste money would anyone want dna companies database anyway maybe didnt think thoughnhow anyone know information used future lets hope doesnt decide microchip implanted next,0.8046118021011353,0.18666896224021912,0.008719243109226227
a lot people north european countries vikings danes saxons angles normans etc invading past reproducing other,0.39297959208488464,0.5827038288116455,0.0243165735155344
and didnt exist made choke water,0.5389280319213867,0.43695327639579773,0.024118762463331223
ive actually using charcoal powder couple months noticed huge improvement whitening general hygiene teeth heres post facebook company buy fromnndo want beautiful sparkling teeth naturallynlimited time offer wwwcosmeticbenefitcom,0.003917704802006483,0.08732134848833084,0.9087609648704529
the first youtuber time passed actually got better,0.004962029401212931,0.06710740178823471,0.9279305338859558
broadly northwest european mean scandinavian could mean british irish french dutch german etc scandinavian,0.06883064657449722,0.8768497109413147,0.05431964993476868
my prediction watching video  canadian,0.09141859412193298,0.8472514748573303,0.061329931020736694
awww fart noise end ,0.8765805959701538,0.11077753454446793,0.012641877867281437
do know number  trending,0.10012181848287582,0.8394021987915039,0.06047603860497475
i clicked video say fuck clickbait title feed,0.9124940633773804,0.08170635998249054,0.005799599923193455
anyone know get shirt emma wearing absolutely love it,0.0018127448856830597,0.023416435346007347,0.9747708439826965
when said yeah lot freckles like  ish thats lot freckles,0.04221070930361748,0.5813904404640198,0.3763989210128784
oh going live forever imagine salt spread,0.1402156949043274,0.7318100333213806,0.1279742568731308
emma slightly younger jen barber crowd aaaaaaaahhh,0.026587510481476784,0.7034913897514343,0.26992112398147583
i already know dna makeup looked clothes drawnnnnwhat thats keep jeansnnnimsorryillgonow,0.18741925060749054,0.7528867721557617,0.05969402194023132
i havent done test youtuber lot videos viewers interest previously mentioned nordic damn proud d,0.20934103429317474,0.6419035792350769,0.14875535666942596
emma blackery like ellie blackery know last us,0.14811046421527863,0.8084033131599426,0.04348623752593994
i found ur book tescos today also found ryan higass book insert joke here,0.01786288246512413,0.6194349527359009,0.3627021312713623
emmas album shown apple presentation live,0.010095881298184395,0.8269509077072144,0.16295316815376282
emma im never gonna die nme hahaha wish could say w sweats nervously,0.10293541848659515,0.5166969895362854,0.38036760687828064
no genetic markers hereditary disease genetically predisposed superior muscle massnntime get hot eugenics breeding action,0.34091100096702576,0.610938310623169,0.048150625079870224
hi hi reason many swedish viewers antisocial spend lives internet,0.6478376388549805,0.33855897188186646,0.013603403232991695
youre intolerant dairy youre baby cow,0.9612137079238892,0.03552685305476189,0.003259493038058281
considering history isles itd unusual scandinavian germanic french markers dna,0.06197516992688179,0.8880018591880798,0.050023019313812256
i love says attached lol,0.013656732626259327,0.12260556221008301,0.8637377619743347
you keep looking time time keep updating it,0.05754779651761055,0.7051751017570496,0.2372771054506302
so since emma never gonna die mean shell keep making videos forever cuz thatd something see,0.09031016379594803,0.6460482478141785,0.2636415958404541
give thumbs ok im going,0.0214375052601099,0.45537427067756653,0.5231882333755493
these tests antirely useless give wrong misleading answers swedish britisch german french genes people moved thousands years around world always mixture genes could say specific gene british companies say compared dna results reference populations currently database estimated similar terms genetic markers carry doesnt necessarily mean belong groups directly regions groups similar genetic matchnso careful think test tells you,0.6672297120094299,0.3075481951236725,0.025222143158316612
well vikings pillage shag way england hundred years shouldnt surprised british person least scandinavian them,0.5730833411216736,0.4084119498729706,0.018504725769162178
emma please get dan send dna labnnits definitely make demmano no,0.20383848249912262,0.700261652469635,0.09589982032775879
i actually interested thisand said much lol,0.00466775381937623,0.08121378719806671,0.9141184091567993
yaay probably related welcome scandinavian family,0.0026406296528875828,0.1594652533531189,0.8378941416740417
lol asparagus one means likely smell weird pee smell someone eats asparagus everyone notices change smell,0.563930094242096,0.40333807468414307,0.0327318049967289
its smell asparagus asparagus pee,0.8898477554321289,0.10008911043405533,0.010063120163977146
ashkenazi jewish jews originated europe like d,0.24222241342067719,0.7344369888305664,0.02334059216082096
i love editing this,0.005875804461538792,0.02160954847931862,0.9725146293640137
just know ashkenazi jewish jewish came europe spain youre welcome,0.00827096402645111,0.24678926169872284,0.7449397444725037
its pretty flattering everyone gets excited find theyre scandinavian,0.002318335697054863,0.026356441900134087,0.971325159072876
why would wanna taste myself,0.7181006073951721,0.2693086266517639,0.012590784579515457
i love tshirt youre wearing,0.001778476987965405,0.009764487855136395,0.9884570240974426
when someones diet changes drastically substantially alters makeup bacterial flora fauna digestive system genetics damned case think waging bacterial genocide people become intolerant foods tolerated before,0.8112826347351074,0.18309353291988373,0.005623873323202133
yes us swedes love you,0.002105304505676031,0.030073238536715508,0.967821478843689
wasnt me huge scandal long ago werent giving accurate info peoples genetic health,0.6425107717514038,0.34274938702583313,0.014739844016730785
it conspiracy nwo collecting everyones generic data know clone m,0.12092828750610352,0.8397603631019592,0.03931135684251785
thats adore practically mine pewds relative ,0.005801504477858543,0.10983356088399887,0.884364902973175
totally worth itnnwelcome immortality cool kids hangout,0.0018059129361063242,0.03429746627807617,0.9638965725898743
hey emma im pretty sure related mean youre  finnish im finnish also youre mom proof,0.047137755900621414,0.7196237444877625,0.23323842883110046
we swedes sniff ,0.23153463006019592,0.6881399750709534,0.08032544702291489
im denmark watching,0.04914846271276474,0.8764958381652832,0.07435564696788788
tbh im probs gonna get alzheimers grandads got it,0.47139665484428406,0.45527398586273193,0.07332932204008102
it made happy see dave video love content opinion deserves recognition thank giving credit emma x,0.001543905003927648,0.016707364469766617,0.9817487597465515
give thumbs nheu heu heu thats said nyes know hate ,0.4858773946762085,0.46799296140670776,0.046129610389471054
mine said im likely get parkinsonsmy nan dis parkinsons skipped dad im genuinely worried ,0.6838431358337402,0.2922671437263489,0.02388974465429783
its mystic meg again,0.059100471436977386,0.8617584705352783,0.07914107292890549
das lot edditing done like d,0.1290915459394455,0.8006808757781982,0.07022758573293686
but cola addiction back day lot caffeine ,0.26679831743240356,0.6503546237945557,0.08284708857536316
now im curious dna,0.11095407605171204,0.7979496121406555,0.09109633415937424
anyone else see lip stick mark neck thats shade lipstick,0.10000601410865784,0.8539333343505859,0.04606068879365921
wtf notifications yet got notification  hour ago,0.4618363678455353,0.49322962760925293,0.04493406042456627
northwestern european pretty vague cause would include uk well,0.031144924461841583,0.7504581809043884,0.21839693188667297
now questionnnwho europe narrow eyesnntell please,0.15298892557621002,0.8109086751937866,0.03610238805413246
haha sorry disappoint emma youre scandinavian dna profile would give percentage scandinavian broadly northwestern european dna dna usually british isles france unknown pinpointed either places take look buzzfeed dna videos,0.2993759512901306,0.6355846524238586,0.06503939628601074
it doesnt mean smell asparagus means pee smells eat asparagus,0.5965785980224609,0.37494033575057983,0.02848110906779766
its myth neanderthals stupid actually brainpower humans time got assimilated,0.9252746105194092,0.07012835144996643,0.0045970771461725235
that thing smelling asparagus means eat asparagus pee pee strange smell everybody smell it,0.6351103186607361,0.3358691930770874,0.029020536690950394
emma super whitenin news,0.019794825464487076,0.7170233130455017,0.26318177580833435
your pretty,0.005395200103521347,0.0633334070444107,0.9312714338302612
hi,0.20451168715953827,0.5521487593650818,0.24333961308002472
love accent ,0.011551277711987495,0.0832083448767662,0.9052403569221497
number  trending,0.0793016254901886,0.8363615274429321,0.08433685451745987
welcome scandiworld,0.004633610602468252,0.2807902991771698,0.7145760655403137
who else scorpio ,0.0746203362941742,0.8187918663024902,0.10658775269985199
rd trending well done emma,0.004118676297366619,0.11008226871490479,0.8857990503311157
i like yout ikea furnitureit sure exite me,0.004347348585724831,0.09046822786331177,0.9051843881607056
emma stop quoting mrburns p,0.49897849559783936,0.47980427742004395,0.02121715620160103
be thankfull emma ur deer ,0.008754710666835308,0.20405356585979462,0.7871917486190796
love ur top em,0.005649177823215723,0.06865449994802475,0.9256963133811951
im swedish,0.10692846029996872,0.8039447665214539,0.08912672847509384
hah immortal ,0.03953276574611664,0.45045170187950134,0.5100155472755432
wait  blackberry,0.1285279542207718,0.8091979622840881,0.06227407604455948
what amazing clickbait title,0.1739291101694107,0.3219486474990845,0.504122257232666
sweden ,0.12674888968467712,0.724724531173706,0.14852659404277802
im norwegian,0.1919829100370407,0.7099971175193787,0.09801995009183884
jewish peaple r israel,0.6453167200088501,0.34315037727355957,0.011532898060977459
nice clickbait got d,0.23869390785694122,0.5242464542388916,0.23705963790416718
im first immortal lmao,0.08950868248939514,0.6916458010673523,0.2188454568386078
you look hot af,0.0030933450907468796,0.025119571015238762,0.9717870950698853
man eyeliner getting ocd hahaha anyone agreeing,0.12754607200622559,0.7177074551582336,0.15474647283554077
vlkommen till familjen emma,0.14427320659160614,0.7761792540550232,0.07954753190279007
please get trending,0.0345146618783474,0.6414362192153931,0.32404905557632446
rdontrending,0.19051368534564972,0.6815158128738403,0.12797047197818756
 trending,0.11976776272058487,0.7156937718391418,0.1645384281873703
im never going die,0.2299766093492508,0.5500206351280212,0.22000271081924438
test results  ideal woman called it,0.07338304817676544,0.7834629416465759,0.1431540697813034
her genetics pure must breed her,0.04545047506690025,0.7627409100532532,0.19180859625339508
e arabic never conversation relatives dads side always turns awkward exchange love yous thats one english phrases know,0.5815795660018921,0.3654116988182068,0.05300874263048172
 going send chapstick use it,0.04177425056695938,0.8110959529876709,0.1471298635005951
ower disease care cure keep caring others best life,0.03347482904791832,0.2721223533153534,0.6944028735160828
his guy makes great videos shame hes fat,0.07197325676679611,0.23295876383781433,0.6950680017471313
ol guys vids short prob funnier internet,0.03333275020122528,0.37156376242637634,0.5951035618782043
isit channel want access straight pathnvisit channel listen holy quran last book godto humanitynvisit channel want reach happiness comfort life hereafter,0.02595769613981247,0.6388554573059082,0.3351868689060211
hy keep freaking laughing time watch even though know end omg best ,0.00545100960880518,0.033508747816085815,0.9610402584075928
th uk trending making big man,0.016567718237638474,0.7278685569763184,0.25556379556655884
his guy makes wish vine wasnt dead,0.3185250461101532,0.6001399755477905,0.08133504539728165
hen tourists try ask something,0.1048513725399971,0.8490997552871704,0.04604886472225189
ub channel,0.18380825221538544,0.661443829536438,0.1547478288412094
ell wasnt worth watching,0.9102962017059326,0.08221723139286041,0.007486563641577959
hen live mexico youre superwhite,0.018691886216402054,0.4002648591995239,0.5810431838035583
ou say korean bd somehow acted oh speak korean perfectly think video gets much reaction excellent acting,0.011279376223683357,0.14467035233974457,0.8440502882003784
e sounds like tyrion lannister game thrones,0.1418706327676773,0.7931906580924988,0.06493879854679108
ame tried talking cousin language ive never even heard lol,0.3890775144100189,0.5133345723152161,0.09758786857128143
y girlfriend cheated like  years ago ive recently found wasnt even girlfriend didnt even exist suffer complex mental disorder distorts reality turns iused hump mums leg every thursday evening last  years,0.8963173627853394,0.09884022921323776,0.00484238239005208
hen grandma tries talk spanish,0.16497647762298584,0.7843746542930603,0.050648827105760574
hat actually funny,0.026808863505721092,0.27653539180755615,0.6966557502746582
n wallnnwell bryan strong offensive sakuras part unfortunately opponent dumb,0.6821320652961731,0.30068305134773254,0.017184872180223465
hat happened  polish people spoke polish,0.27232232689857483,0.6757283806800842,0.05194926634430885
his avoid relatives,0.2664872407913208,0.7042999863624573,0.02921280823647976
 struggle englishand language,0.36049163341522217,0.5922278761863708,0.047280460596084595
e family parties,0.06432291120290756,0.8126738667488098,0.12300319224596024
ub sub back  accounts comment subbed,0.13983787596225739,0.787959098815918,0.07220300287008286
ing pig face,0.8194052577018738,0.15717628598213196,0.023418493568897247
ot even iphone x detect youre blinking hahaha,0.10923677682876587,0.6844819188117981,0.20628125965595245
id anyone realise sonic music,0.2630212903022766,0.7028209567070007,0.03415772318840027
his funny fuck get  trending ,0.7253157496452332,0.20983625948429108,0.06484804302453995
e go dominican republic,0.11348948627710342,0.7764220237731934,0.11008841544389725
ow original got sub gunfacefuck,0.8993180990219116,0.09286150336265564,0.007820432074368
hen im talking japanese teachers ,0.17925040423870087,0.7633752226829529,0.05737438425421715
ub reply done subscribe u aint joking,0.2650572657585144,0.6470502614974976,0.08789245039224625
 disappointed level comedy reached,0.8352210521697998,0.1442422866821289,0.020536592230200768
hy captions korean,0.13193875551223755,0.792547345161438,0.07551386207342148
e trying talk korean comments instagram,0.06681337207555771,0.8609582185745239,0.07222838699817657
 wanna hug face cute,0.004629936534911394,0.1218479797244072,0.8735220432281494
ike meet celebrity nsubscribe become billionairenscroll updown death everyone love,0.07922787219285965,0.4422445297241211,0.47852760553359985
hen talk crush,0.20804376900196075,0.7239789366722107,0.06797727197408676
he sonic music really icing cake lmao,0.012723528780043125,0.1724284142255783,0.8148480653762817
hy people call certain nationality dont even know language,0.7160007953643799,0.2750464081764221,0.008952765725553036
 beat kid like highschool hate dorky ass asians xd,0.9634692668914795,0.032025232911109924,0.004505464341491461
our writing really good laughed laughed one,0.003080748487263918,0.023910649120807648,0.9730086326599121
he sonic air timer perfect,0.025754647329449654,0.3047559857368469,0.6694893836975098
ven native korean speaker sounds like foreigner xd,0.261837363243103,0.686165988445282,0.0519966259598732
ey guys started youtube really need subs sub sub back,0.09072203189134598,0.7485024929046631,0.16077543795108795
m great comedian gotten millions views thought suicide thinking drowning many times wanna save please dm instagram comedianthefreshman say might better kevin hart,0.030123285949230194,0.23137733340263367,0.7384993433952332
his lol,0.04749980941414833,0.5116572976112366,0.440842866897583
ey small youtube account im struggling take id really appreciate could take look type thing dont subscribe understand worth try,0.1759181022644043,0.5232767462730408,0.30080512166023254
y life hate mexican speaking spanish im also part black dont know speak language grandmother speaks dont even know name,0.9455664753913879,0.05175108462572098,0.002682424383237958
ude first video saw fucking hilarious,0.11919989436864853,0.2337631732225418,0.6470369696617126
orry dont speak spanish,0.48098501563072205,0.4860217571258545,0.03299320116639137
e speaking japanese exchange student speaks quickly speak japanese moderately uh damnit cant understand speaks fast xd guess need learn listen better,0.6154760122299194,0.3403571844100952,0.04416681081056595
eah speak korean video fucking stupid,0.9717077016830444,0.02531130239367485,0.0029809847474098206
hen pay bills,0.35544803738594055,0.5600767731666565,0.08447515964508057
ow trending omg thats case way views should,0.017811253666877747,0.3248429298400879,0.6573457717895508
n comment section people relating trying speak spanish,0.2883484661579132,0.6714831590652466,0.04016836732625961
hats me,0.07665017247200012,0.6814430356025696,0.2419067919254303
hy guy always trending,0.22956836223602295,0.6690228581428528,0.10140877217054367
hen grandparents try talk japanese make one word,0.15670190751552582,0.7883623242378235,0.0549357570707798
e french emersion class,0.0699019506573677,0.8722726702690125,0.05782536417245865
tf this,0.4608994722366333,0.44675305485725403,0.09234748780727386
mg same,0.43619129061698914,0.4685688316822052,0.09523987770080566
im yung bastard,0.8761805891990662,0.11363594979047775,0.010183461010456085
ati,0.239200159907341,0.5074491500854492,0.2533506751060486
 rewatch monthly girls nozaki kun,0.024990905076265335,0.8800247311592102,0.09498441964387894
e tyotinkas,0.19779574871063232,0.6535431742668152,0.1486610621213913
e thai lol,0.06786996126174927,0.7205186486244202,0.21161137521266937
elatable regardless language,0.15012215077877045,0.7577254772186279,0.09215238690376282
omment,0.2429589033126831,0.6239416003227234,0.1330994814634323
ani,0.19787383079528809,0.6070785522460938,0.1950475573539734
hen tell chinese friends im learning chinese start speaking like im fluent im like ,0.04425882175564766,0.6745251417160034,0.28121596574783325
oo sonic drowning theme,0.18960551917552948,0.7587360143661499,0.051658518612384796
ssdrug bagnnnnnfuck,0.9454254508018494,0.04641275480389595,0.008161746896803379
ulture shock likenn httpsgooglimagesfwcqv ,0.2461758852005005,0.6891149282455444,0.06470922380685806
 relate,0.25435829162597656,0.5404317378997803,0.20520997047424316
till gay ,0.3939736485481262,0.5451925992965698,0.060833752155303955
ou uglu small dicked mother fucker,0.9699857234954834,0.02614024467766285,0.003874154295772314
tf thiswhy tf trending,0.7401806116104126,0.23806288838386536,0.02175651304423809
hapstik please use some,0.10318844020366669,0.8219863772392273,0.07482515275478363
rending again,0.08665339648723602,0.8019953370094299,0.11135131865739822
o  trending impressive,0.006232449319213629,0.15536044538021088,0.8384071588516235
unfacefuck,0.924646258354187,0.06221151724457741,0.013142209500074387
his dudes videos r always funny,0.00428889412432909,0.061581049114465714,0.9341301321983337
uns suicide offensive offensive offensive demonetise,0.8503740429878235,0.143207848072052,0.006418053526431322
 still ugly tho,0.7197043299674988,0.2484525442123413,0.03184317797422409
his got trending pewds response video didnt good jop guys,0.42873579263687134,0.4506213366985321,0.12064290046691895
roductos de moda una calidadprecio muy interesante nnchale un vistazo y seguramente puedas evitar comprar algo nenvio desde nnhttpsyoutuberzwhcfffcw,0.07146935909986496,0.8689307570457458,0.05959989130496979
lease everybody visit channel new youtubernhttpswwwyoutubecomeditouvideoidkiauqmsc,0.007581396494060755,0.5891649723052979,0.40325361490249634
ou one ugly fat fuck gene gods good you,0.963682234287262,0.031394172459840775,0.004923691973090172
his like japanese,0.08809489011764526,0.8035559058189392,0.10834914445877075
he hidden survival muscle body missed modern physicians keep millions men womenndefeated pain frustrated belly fat struggling feel energized every day httpbitlyfkhsa,0.2288961261510849,0.6439991593360901,0.1271047741174698
 talked french guy waynni said park cornournhe understood pakistani connardnnmy surgery went succesful,0.005442846566438675,0.1708984673023224,0.8236587047576904
 n n y e o n g h e y o,0.36672350764274597,0.5605644583702087,0.07271208614110947
e every time got korean market mom,0.09684555232524872,0.8078270554542542,0.09532736241817474
 see lot anime behind you,0.04653487727046013,0.8451328873634338,0.10833227634429932
 dont get humor must  under,0.6345158815383911,0.3410872220993042,0.024396875873208046
mao kprean accent cute ,0.007438361179083586,0.16923828423023224,0.8233233690261841
i love jumper get from,0.02024707943201065,0.12390348315238953,0.8558493852615356
does anybody know pink blue cushion left from,0.06765203922986984,0.8832972049713135,0.04905077815055847
i really hoping going say celeste celestial name,0.011376488953828812,0.4117388427257538,0.5768846869468689
i new daughter named disney anna,0.02112322300672531,0.8845376968383789,0.09433913975954056
i love name lilibet queens nickname,0.003907296806573868,0.04174581915140152,0.9543468952178955
such fun tag ill definitely giving one go im  weeks pregnant second ,0.0035925782285630703,0.0647607073187828,0.9316467642784119
my daughters name lacey ,0.04820600152015686,0.8038763999938965,0.14791759848594666
sorry like name hunter reminded paranormal activity,0.6650007963180542,0.32519039511680603,0.009808812290430069
i love boys name grey xx,0.0021283214446157217,0.017971323803067207,0.9799003005027771
i love name joy xx,0.0024867262691259384,0.0220123790204525,0.9755008816719055
my name going bronte kitty edmonds haha,0.0072065251879394054,0.4796215891838074,0.513171911239624
my middle name given older sister april oneill ninja turtles sister  could chosen unusual name favourite tv shows including moondreamers cleverly chose april ,0.020515037700533867,0.6021683216094971,0.3773166835308075
im kinda sad little daniel ,0.779803454875946,0.20238231122493744,0.017814302816987038
my twin sister called kitty ,0.0621635839343071,0.8283122181892395,0.10952425748109818
awww sons name hunter ,0.4976406991481781,0.47293877601623535,0.029420459643006325
omg love chelsea family definitely watch outdaughtered tlc amazing,0.001999993808567524,0.009753843769431114,0.9882461428642273
when next collab daniel howell xx,0.008268206380307674,0.7664487957954407,0.22528299689292908
i love indigo little girl xx,0.002348698442801833,0.011755353771150112,0.9858959317207336
my sisters name celeste,0.06301484256982803,0.8371403813362122,0.09984484314918518
ooh love taste names im planning kids least yet girl favourites clara tegan nova boy favourites aiden logan elliot,0.0030918382108211517,0.07761914283037186,0.9192890524864197
just baby week ago named beckett logan wanted beckett fox lost battle lol,0.18887849152088165,0.7226955890655518,0.08842594176530838
i agree teen mom ,0.022841421887278557,0.32741236686706543,0.6497461795806885
how name elliana eliana,0.09785626083612442,0.8177709579467773,0.08437272906303406
i quite like matilda rosemary nadine raymond viktor christopher,0.0027318026404827833,0.09365662187337875,0.9036115407943726
omg yes used love moon dreamers sis known one person clue talking bought magical show p favourite whimsy blue green hair,0.0029266690835356712,0.13801689445972443,0.8590564727783203
its okay sometimes even dont like name mikala michaela mikaela mikayla however wanna spell ,0.21360798180103302,0.6560941338539124,0.13029785454273224
my favourite boys names aiden finn jay joe favourite girls names eden evie evelynn rose think ,0.006546327378600836,0.32951250672340393,0.6639412045478821
the name either lucy darla,0.09069874882698059,0.8448073267936707,0.06449396908283234
aww love like lucy younger used dislike name ive grown enjoy short really shortened luc loose,0.01517705712467432,0.07129034399986267,0.9135326147079468
my name kitty,0.10919857025146484,0.6711981296539307,0.2196032851934433
now know name lucy,0.11125495284795761,0.7878174781799316,0.10092759877443314
omg baby holly darcy sounds soo well togerher name summer holly,0.0011163860326632857,0.023234300315380096,0.9756492376327515
im  proudly say moon dreamers one favourite shows,0.0024862627033144236,0.10846348106861115,0.8890502452850342
kitty daughters name ,0.09545738995075226,0.7969363927841187,0.10760623216629028
i laughed way much violent violet ,0.4380809962749481,0.3913978040218353,0.17052112519741058
i know moon dreamers,0.08759933710098267,0.8270074129104614,0.0853932797908783
thumbnail looking like filter instagram see ,0.25325146317481995,0.688631534576416,0.05811700224876404
i love cant wait primark video doesnt happen im sure ever video post amazing ,0.004298637621104717,0.01132610347121954,0.9843752980232239
lacey dakota delilah nice names ,0.010844537988305092,0.24306301772594452,0.7460924386978149
my kitten called luna,0.03230351582169533,0.80369633436203,0.16400009393692017
i l o v e name april dont know ppl would think called baby girl april wasnt born april,0.3498286008834839,0.6008796095848083,0.04929181560873985
peggy middle name,0.0910053551197052,0.7920779585838318,0.11691669374704361
i adore peggy hunter partner decided hunter ever boy id love peggy doesnt like ,0.05054561793804169,0.19056428968906403,0.7588900923728943
what tara think beautiful name even though mine haha ,0.004378513433039188,0.14148877561092377,0.8541327118873596
i reckon called daisy,0.11749660968780518,0.7751813530921936,0.10732206702232361
my favourite name boy girl ren favourite name least favourite names excessive ys cup tea,0.02718769945204258,0.3351385295391083,0.6376737952232361
i new would get trending ,0.03709327429533005,0.6170589327812195,0.34584781527519226
soon said aubrey thought teen mom,0.15133194625377655,0.8124651312828064,0.03620294854044914
that top lovely ,0.007699391804635525,0.07818790525197983,0.9141126275062561
my names violet confirm people call u violent violet,0.5627732276916504,0.41510510444641113,0.0221217330545187
i like name violetta nickname vilu,0.01153500471264124,0.3930274546146393,0.5954374670982361
peggy also grandmas name well nickname short margaret,0.015961309894919395,0.8669440746307373,0.11709462851285934
i loveeed moondreamers d still vhs somewhere ,0.005283698905259371,0.07364097237586975,0.9210753440856934
love tag im going even though havent tagged many names think ,0.016425905749201775,0.44575926661491394,0.5378147959709167
 got excited said daniel dan howell  great grandma aunty pegg like yours,0.0018283830722793937,0.03020401857793331,0.9679676294326782
omg im happy tagged dina tokio,0.0013472321443259716,0.03301210701465607,0.9656406044960022
you didnt miss fooddrink question ,0.17888537049293518,0.7173291444778442,0.10378541052341461
i love aubree shes cute,0.0026076119393110275,0.009561563841998577,0.9878308176994324
 favourite boy girls name top uk names list nboy jamesngirl ilsann  least favourite boy girls name top uk names list  nboy oliverngirl jessicann twins would name gg bb bg ngg delilah viviennenbb atticus emmettngb delilahatticusni dont always think twins need matching names picked names likenn could change name anything would ni wouldnt actually love name maybe louise first instead middle namenn  children gender first names start letter would names nstart atticus autumn ava aldous  boys  girlsnn whats favourite animalinspired name nwrennn whats favourite colourinspired name nvioletnn top  favourite boy names natticus emmett elijahnn top  favourite girl names ndelilah autumn viviennenn favourite celebrity baby name nbowienn ultimate guilty pleasure name ni dont know guilty pleasures maybe persephone kadijahnnn hated baby names nvery common names usuallyvery traditional names john george elizabeth kaitlyn etc nn choose baby name based fooddrinkwhoops missed one ni dont know one based food drink love guess eat lot flowers maybe acacia daisy something like naming child food drink makes think someone child called chicken steak spaghetti somethingnn choose baby name based month naugustnn choose baby name movie nophelia hamlet movie rightnn choose name already familynforrest well partners name blood family probably niamh kieran,0.2942040264606476,0.6283395886421204,0.07745642215013504
when mum types name autocorrects violent gained nickname playing netball yeah,0.574802041053772,0.3966870903968811,0.028510896489024162
i love unusual names called  girls honey blossom petal x,0.004348355811089277,0.04396078363060951,0.9516909122467041
im  ive already decided kids names haha im thinking amelia daniel,0.011689066886901855,0.529626727104187,0.45868417620658875
love much ps wrote  twice well goesn zara charliena beatrice hugonb gg holly harper bg ava ollie bb ollie jaxnstephanie name always give guys dont like bar hahahan holly harper hadley huntern phoenix girln coral girln kane miles ollien autumn lennon avan luna great choice louisen tucker one faves wouldnt use bc association curse word fern dont know fan names a loln pepper girln august guess change question season say autumn n b tanner gone girl g ellie jurassic parkn kayla sister,0.13049724698066711,0.5380878448486328,0.3314148783683777
i chanting zoe zoe zoe zoe tag people,0.1674707531929016,0.7763246893882751,0.056204602122306824
awwww name aubrie son ive always wanted name hunter,0.11747749149799347,0.6937493085861206,0.18877319991588593
the baby called lucy lucie ,0.045378610491752625,0.8036381602287292,0.15098321437835693
i feel like youve perhaps done top us names accident im sure names said havent uk top  lists recent years,0.14953437447547913,0.7834812998771667,0.0669843852519989
my middle name april born first april one midwives suggested middle name parents older siblings insisted happy parents decided go eventually parents discovered real reason keen name loved april oneil teenage mutant ninja turtles ,0.032754089683294296,0.5492352843284607,0.4180106818675995
if youre sticking d names daisy quite good one ,0.005760167725384235,0.14218279719352722,0.8520570397377014
my middle daughters name aubrie im due boy right feb middle name daniel,0.02557966485619545,0.9004986882209778,0.07392165809869766
if two girls wold use names zor louis love names much,0.009534667246043682,0.3407614529132843,0.6497039198875427
im called kitty,0.09925859421491623,0.7736567854881287,0.12708468735218048
chelsea aubrey favourite teen mom well especially cole baby ,0.004327773582190275,0.1706286519765854,0.8250435590744019
that mustard colour tho ps absolutely loved video whenever someone mentions babies names instantly think sims okayyyyy ,0.003981485962867737,0.02803790010511875,0.9679806232452393
but name child miquela could call lil miquela shane dawson anyone,0.03996371105313301,0.9112816452980042,0.04875469580292702
i think louise going call baby lucy listen girls names said top  girls names left lucy everything else lucy one girls names xxx,0.07813612371683121,0.8314254283905029,0.09043840318918228
omg u tagged dina never see anyone mention even though shes amazing,0.09109865874052048,0.3832379877567291,0.5256633162498474
hi louise completely irrelevant video needed advice little sister  year older darcy currently bullied school amazing head teacher took nonsense anyone mean since new woman become head teacher dont get wrong shes lovely always lets kids sort experienced anything like darcy btw love video ,0.07010085880756378,0.17347559332847595,0.7564235925674438
when said youre girl twins would called lyla lucy sister literally looked like omg name lyla,0.05425059422850609,0.8053712248802185,0.1403781771659851
love jumper look gorgeous xx,0.0034610743168741465,0.017198903486132622,0.9793399572372437
lose weight,0.04048984497785568,0.7588039636611938,0.20070624351501465
die fatso,0.23278293013572693,0.5998213291168213,0.1673957258462906
oooo names lillibet ,0.08023754507303238,0.8000354766845703,0.11972702294588089
love xoxo,0.00720938527956605,0.099970243871212,0.8928203582763672
i really really love jumper,0.007660544011741877,0.027958497405052185,0.9643809795379639
love love love love you,0.005671752616763115,0.012945501133799553,0.9813826680183411
daniel ,0.1168607547879219,0.690128743648529,0.19301052391529083
your jumper,0.26299554109573364,0.5981881618499756,0.13881626725196838
omg love dina,0.0037473952397704124,0.05253797769546509,0.9437146782875061
and peggy,0.09086785465478897,0.6645998954772949,0.24453219771385193
omg teen mom ,0.1330186426639557,0.7466787099838257,0.1203026995062828
ayyy middle names peggy,0.03463802859187126,0.790027379989624,0.17533455789089203
i loved moondreamers,0.0062993369065225124,0.03393052890896797,0.959770143032074
aaaayyyyy names laci ,0.09458847343921661,0.6874566674232483,0.2179548442363739
name baby daisyyyyy,0.028171788901090622,0.6880916357040405,0.2837364971637726
vagina,0.20665298402309418,0.6196808815002441,0.1736661195755005
my names kitty ,0.0716339498758316,0.7093791365623474,0.21898695826530457
darcy delilah sound adorable together ,0.00200628861784935,0.033997949212789536,0.9639957547187805
loved lousie,0.011476927436888218,0.08037958294153214,0.9081435203552246
the awful name anyone could name child ava,0.9041916131973267,0.08951124548912048,0.00629704724997282
im man united fan anyone cant see hazard best player prem last seasons mad,0.6045199036598206,0.3493441343307495,0.04613596946001053
when christensen speaks better english rooney,0.08612477779388428,0.7320337891578674,0.1818414181470871
always thought david luiz would humour ten year old hes actually quite funny,0.010996313765645027,0.13220594823360443,0.8567977547645569
im man u fan call plastic hazard good man,0.05264028534293175,0.4799715578556061,0.4673881530761719
luiz deserves better shooting tbh scores bangers times,0.19376076757907867,0.6024957895278931,0.20374342799186707
the shot rating defenders actually joke defenders doesnt mean cant shoot,0.41588294506073,0.5376976132392883,0.04641939699649811
how come rio looks tiny next david luiz thought supposed height,0.4815783202648163,0.4905042052268982,0.02791750431060791
rio says one hazard yet like  brothers luiz christensen truly one nclownseverywhere,0.37217962741851807,0.5878004431724548,0.04001985862851143
loved rio eden called fifa taking piss,0.3748098611831665,0.41558387875556946,0.20960621535778046
what davids hair ratingnnn longness  curlnn brazilian  swagnn david  luiz,0.06139622628688812,0.8923166394233704,0.04628714546561241
im subscribing anyone likes comment subscribers comment done know,0.026465872302651405,0.7682576179504395,0.20527654886245728
 physical hazard joke way people get ball fouling hes tall physically imposing player doesnt get pushed ball easily,0.23801982402801514,0.6476261615753174,0.11435400694608688
come prem teams champions league show play like premiership come on,0.10618654638528824,0.7107017636299133,0.18311169743537903
the thing slows david luis afrokeep afro david luis ,0.0755377933382988,0.8254400491714478,0.09902214258909225
i love close hazard luiz are,0.005949022714048624,0.061457619071006775,0.9325933456420898
i want pls show ronaldo wana see first hears number one rated player fifa lol,0.026505937799811363,0.6317957043647766,0.34169837832450867
im sure hazard already googled his,0.14085042476654053,0.7870500683784485,0.07209943234920502
whats music ,0.10341151803731918,0.8046414852142334,0.09194700419902802
ngl love hazard says true man david luiz aha,0.012349411845207214,0.3472413718700409,0.6404091715812683
what ea takenandreas christensen top  fastest players bl last season give  pacenat least ,0.024201439693570137,0.6920573115348816,0.2837412655353546
pause video  ,0.3928210437297821,0.5622876286506653,0.04489133879542351
in premier league player better individual ability talent eden hazard,0.013700977899134159,0.3850870430469513,0.6012119650840759
one mate,0.20118679106235504,0.59130859375,0.20750458538532257
surprised luiz didnt make stats  nbut christensen good rating quite poor main stats,0.18346761167049408,0.5300959944725037,0.28643640875816345
im gym everyday man lol gold,0.009115219116210938,0.43078023195266724,0.5601045489311218
am one waiting say got marked end,0.18643873929977417,0.7630565762519836,0.05050469934940338
luiz amazing shot especially dead balls fifa drunk,0.033235855400562286,0.18238337337970734,0.7843807935714722
good funny video david luiz really funny eden shooting luiz shooting never seen cx,0.008346639573574066,0.07895827293395996,0.9126951098442078
i know man,0.30083051323890686,0.5109860897064209,0.18818335235118866
damn even luiz knew pace higher lol,0.27118465304374695,0.627019464969635,0.10179588198661804
david luizhazard friends eawh high,0.0323629304766655,0.8279078006744385,0.13972923159599304
lmfaoo eden hazard dont even care hes lazy comes defending,0.6929136514663696,0.273054301738739,0.03403204679489136
luiz shooting least,0.1759420484304428,0.6254448294639587,0.19861310720443726
ive go training every friday,0.020989909768104553,0.9153676629066467,0.06364239752292633
as chelsea fan want chelsea looks like best club play nice players staff great team championeeee,0.002771492348983884,0.031335342675447464,0.9658931493759155
you go gym everyday died ,0.21604089438915253,0.6671067476272583,0.11685239523649216
christensen get fat become super defender age ,0.3246707022190094,0.6009318828582764,0.0743974894285202
it would cool next du ballon dor every year every september live players top clubs europenfifa stats rate card,0.011390609666705132,0.3529415428638458,0.6356678009033203
i nvr knew rio u tube channel subscribed ,0.3108099400997162,0.6423884034156799,0.04680158197879791
rio please david luiz hazard signed fifa card,0.0239627156406641,0.8172597289085388,0.15877750515937805
i thought eden  ,0.1817774474620819,0.7505218386650085,0.06770070642232895
rio ferdinand youtube channel,0.050378989428281784,0.8771520853042603,0.07246898859739304
is really accurate,0.016636550426483154,0.24281081557273865,0.7405526638031006
control bit image generation pepper lower european,0.27195191383361816,0.6998540759086609,0.028194058686494827
this shows something ea always box players based position david luiz  shooting christensen  passing,0.15925589203834534,0.7938249111175537,0.046919241547584534
  im strong lol eden hazard,0.007922075688838959,0.1715591698884964,0.8205187320709229
see even footballers say rating wrong,0.6904727816581726,0.2967437207698822,0.012783508747816086
ea dont know rate players,0.3923220932483673,0.5713436603546143,0.03633420169353485
only  physical hazard fifa bullshit,0.877282440662384,0.11299577355384827,0.009721755050122738
hahaha luiz good lad good vibe him,0.0031486395746469498,0.048495516180992126,0.9483559131622314
so happy bought david luiz back life team,0.0013104892568662763,0.015232213772833347,0.9834573268890381
i know yall see guy rios red bottoms,0.1261148601770401,0.794159471988678,0.07972563058137894
would die signed hazard card ,0.5541337728500366,0.40674832463264465,0.03911789879202843
you giveaway signed fut cards also give me,0.010903500951826572,0.6584014296531677,0.33069515228271484
is way could competition win cards,0.07126710563898087,0.813645601272583,0.11508733779191971
id watch ratings reveal every team even huddlesfield lot fun,0.006757913623005152,0.12443015724420547,0.868811845779419
y didnt u go old trafford,0.1893763244152069,0.7606990933418274,0.0499245822429657
even ea doesnt want amp hazards physical cause hes forward shouldnt less ,0.3454374670982361,0.6026515960693359,0.051910992711782455
that physical christensen joke,0.20839832723140717,0.7219929695129395,0.06960871070623398
missing gladbach andreas good luck future chelsea ,0.013715814799070358,0.23904100060462952,0.7472431659698486
first time see vid w hazard talking stuff seems like chill dude haha,0.004390859045088291,0.20902422070503235,0.7865849137306213
the thing overall david luiz  doesnt even one stat  fifa overalls make zero sense,0.8589112162590027,0.1276797205209732,0.013409011997282505
i get wanting put centre back higher stats balancing purposes david luiz stats much better cristensen mean played dm gladbach times good passing,0.01441650465130806,0.21217799186706543,0.7734054923057556
david luis way better shooting,0.039854589849710464,0.43693989515304565,0.5232054591178894
david luizs stats bullshit im united fan,0.7448811531066895,0.23078054189682007,0.02433827705681324
httpsyoutubedxkrjtefqu,0.1852600872516632,0.725041925907135,0.0896979570388794
dont lie dont lie,0.4803982079029083,0.47795283794403076,0.04164894297719002
nooooo  gym everyday lol,0.015491132624447346,0.45301055908203125,0.5314983129501343
 physical cb trash,0.8943553566932678,0.09193425625562668,0.013710374012589455
hazard overrated,0.8815767168998718,0.10086972266435623,0.017553534358739853
rio ferdinand man u legend whit chelsea video,0.04550294950604439,0.65187668800354,0.3026203513145447
hazard always seems moody,0.6375072002410889,0.3389672636985779,0.023525577038526535
wow christensen,0.040548477321863174,0.7293650507926941,0.23008649051189423
bro couldnt united,0.723244309425354,0.25612154603004456,0.020634202286601067
